-- phpMyAdmin SQL Dump
-- version 4.7.4
-- https://www.phpmyadmin.net/
--
-- Máy chủ: 127.0.0.1
-- Thời gian đã tạo: Th8 03, 2020 lúc 09:41 AM
-- Phiên bản máy phục vụ: 10.1.28-MariaDB
-- Phiên bản PHP: 5.6.32

SET SQL_MODE = "NO_AUTO_VALUE_ON_ZERO";
SET AUTOCOMMIT = 0;
START TRANSACTION;
SET time_zone = "+00:00";


/*!40101 SET @OLD_CHARACTER_SET_CLIENT=@@CHARACTER_SET_CLIENT */;
/*!40101 SET @OLD_CHARACTER_SET_RESULTS=@@CHARACTER_SET_RESULTS */;
/*!40101 SET @OLD_COLLATION_CONNECTION=@@COLLATION_CONNECTION */;
/*!40101 SET NAMES utf8mb4 */;

--
-- Cơ sở dữ liệu: `mynews`
--

-- --------------------------------------------------------

--
-- Cấu trúc bảng cho bảng `tbl_dangnhap`
--

CREATE TABLE `tbl_dangnhap` (
  `idTK` int(11) NOT NULL,
  `TenTK` varchar(20) COLLATE utf8_unicode_ci NOT NULL,
  `PassTK` varchar(30) COLLATE utf8_unicode_ci NOT NULL,
  `QuyenTK` int(11) NOT NULL
) ENGINE=InnoDB DEFAULT CHARSET=utf8 COLLATE=utf8_unicode_ci;

--
-- Đang đổ dữ liệu cho bảng `tbl_dangnhap`
--

INSERT INTO `tbl_dangnhap` (`idTK`, `TenTK`, `PassTK`, `QuyenTK`) VALUES
(1, 'admin', '123456', 1),
(2, 'long', '123456789', 1);

-- --------------------------------------------------------

--
-- Cấu trúc bảng cho bảng `tbl_nhomtin`
--

CREATE TABLE `tbl_nhomtin` (
  `idNhom` int(11) NOT NULL,
  `TenNhom` varchar(150) COLLATE utf8_unicode_ci NOT NULL
) ENGINE=InnoDB DEFAULT CHARSET=utf8 COLLATE=utf8_unicode_ci;

--
-- Đang đổ dữ liệu cho bảng `tbl_nhomtin`
--

INSERT INTO `tbl_nhomtin` (`idNhom`, `TenNhom`) VALUES
(1, 'Thời sự'),
(2, 'Kinh doanh'),
(3, 'Giải trí'),
(4, 'Thể thao'),
(5, 'Du lịch'),
(6, 'Giáo dục'),
(10, 'Y tế'),
(11, 'Chuyện về Sao'),
(12, 'Pháp luật');

-- --------------------------------------------------------

--
-- Cấu trúc bảng cho bảng `tbl_tin`
--

CREATE TABLE `tbl_tin` (
  `idTin` int(11) NOT NULL,
  `idNhom` int(11) NOT NULL,
  `TieuDe` varchar(70) COLLATE utf8_unicode_ci NOT NULL,
  `TrichDan` varchar(150) COLLATE utf8_unicode_ci NOT NULL,
  `Hinh` varchar(50) COLLATE utf8_unicode_ci NOT NULL,
  `NoiDung` varchar(3000) COLLATE utf8_unicode_ci NOT NULL
) ENGINE=InnoDB DEFAULT CHARSET=utf8 COLLATE=utf8_unicode_ci;

--
-- Đang đổ dữ liệu cho bảng `tbl_tin`
--

INSERT INTO `tbl_tin` (`idTin`, `idNhom`, `TieuDe`, `TrichDan`, `Hinh`, `NoiDung`) VALUES
(1, 1, 'Nửa giờ vận động hoãn tiệc cưới', '[QUẢNG NGÃI] - Ngày cưới đã định, tiệc đã đặt nhưng gia chủ được vận động tổ chức gọn nhẹ, không đãi tiệc tập trung đông người để phòng tránh Covid-19', 'Truong-Thon-Duong-Duy-Din.jpg', '<p><strong>Ng&agrave;y 29/7, tổ c&ocirc;ng t&aacute;c thứ hai của x&atilde; B&igrave;nh Thạnh, huyện B&igrave;nh Sơn, Quảng Ng&atilde;i đến nh&agrave; &ocirc;ng Mai Xu&acirc;n Anh (60 tuổi) ở th&ocirc;n Hải Ninh để vận động &ocirc;ng ho&atilde;n cưới cho con trai, dự kiện tổ chức ng&agrave;y 1/8.</strong></p>\r\n\r\n<p>Đ&acirc;y l&agrave; một trong nhiều tổ c&ocirc;ng t&aacute;c đến nh&agrave; d&acirc;n vận động ho&atilde;n cưới, sau khi UBND tỉnh Quảng Ng&atilde;i chỉ đạo hạn chế tập trung tr&ecirc;n 30 người. Nhắc lại những chỉ đạo của tỉnh v&agrave; Ch&iacute;nh phủ, anh Dương Duy Din, Trưởng th&ocirc;n Hải Ninh n&oacute;i với &ocirc;ng Anh: &quot;Con đến đ&acirc;y tr&ecirc;n tinh thần vận động, mong gia đ&igrave;nh dời ng&agrave;y đ&aacute;m cưới, tổ chức ở thời điểm an to&agrave;n hơn&quot;. Đ&atilde; biết trước c&aacute;n bộ sẽ đến vận động, &ocirc;ng Anh gi&atilde;i b&agrave;y t&acirc;m tư: &quot;N&oacute; cận ng&agrave;y qu&aacute;, hồi lại cũng kh&oacute;, đồ đạc (thức ăn) mua hết rồi, nếu c&aacute;ch đ&acirc;y 5-10 ng&agrave;y th&igrave; c&ograve;n dễ. C&aacute; thịt đ&atilde; mua, thiệp mời cũng đưa hết rồi&quot;.</p>\r\n\r\n<p>Một c&aacute;n bộ tư ph&aacute;p x&atilde; nhấn mạnh, Đ&agrave; Nẵng c&aacute;ch ly to&agrave;n th&agrave;nh phố, Quảng Nam đang c&oacute; ba ca dịch, trong khi đ&oacute; huyện B&igrave;nh Sơn l&agrave; cửa ng&otilde; ph&iacute;a Bắc của Quảng Ng&atilde;i, gi&aacute;p ranh tỉnh Quảng Nam. Nếu như vẫn tập trung tr&ecirc;n 30 người, sẽ vi phạm khoản 4 Điều 11 về &aacute;p dụng biện ph&aacute;p chống dịch theo Nghị định 176 năm 2013 của Ch&iacute;nh phủ. C&aacute;n bộ tư ph&aacute;p thuyết phục th&ecirc;m, ở x&atilde; B&igrave;nh Đ&ocirc;ng, huyện B&igrave;nh Sơn (nh&agrave; c&ocirc; d&acirc;u, c&aacute;ch nh&agrave; ch&uacute; rể 7 km) cũng c&oacute; hai ca đang được đề nghị c&aacute;ch ly tập trung. C&ograve;n chị Trương Thị &Aacute;nh Trinh, B&iacute; thư chi đo&agrave;n x&atilde; B&igrave;nh Thạnh cảnh b&aacute;o nguy cơ, sinh vi&ecirc;n đi học từ Đ&agrave; Nẵng về địa phương rất nhiều.</p>\r\n\r\n<p>Vừa rồi Đại học B&aacute;ch khoa Đ&agrave; Nẵng mới c&ocirc;ng bố một ca bệnh. Trạm y tế phường ở Đ&agrave; Nẵng mới điện thoại cho trạm y tế x&atilde; B&igrave;nh Thạnh, đề nghị th&ocirc;ng tin c&aacute;c em khai b&aacute;o y tế. Trong suốt qu&aacute; tr&igrave;nh thuyết phục, gia chủ tỏ ra hiểu biết về nguy cơ dịch bệnh, nhưng c&ograve;n băn khoăn kh&ocirc;ng biết ph&iacute;a nh&agrave; g&aacute;i c&oacute; &quot;đồng bộ&quot; ho&atilde;n, v&agrave; sẽ giải quyết số đồ tươi đ&atilde; mua chuẩn bị tiệc như thế n&agrave;o. Trưởng th&ocirc;n Dương Duy Din đề xuất phương &aacute;n, chia tiệc cưới ra nhiều ca, mỗi ca dưới 30 người để đảm bảo an to&agrave;n. Nhưng &ocirc;ng Anh kh&ocirc;ng thấy thuyết phục v&igrave; cho rằng nội ngoại rất đ&ocirc;ng, ngồi lại l&acirc;u n&ecirc;n nếu đ&atilde;i như vậy kh&ocirc;ng biết bao giờ mới xong đ&aacute;m cưới. Anh Din thuyết phục th&ecirc;m: &quot;Giờ ch&uacute; đừng sợ b&agrave; con đ&aac'),
(2, 10, 'Hội An lập chốt chặn người từ Đà Nẵng vào', 'QUẢNG NAM - Bốn cửa ngõ phía Bắc Hội An được lập chốt kiểm dịch để kiểm soát người ra vào.', 'rau1.jpg', '<p>C&aacute;c chốt kiểm dịch n&agrave;y được đặt tr&ecirc;n đường Lạc Long Qu&acirc;n, Điện Biện Phủ, ĐT 607 v&agrave; ĐT 608 (TP Hội An) s&aacute;ng 30/7. &quot;Đ&acirc;y l&agrave; bốn tuyến đường ch&iacute;nh ở ph&iacute;a Bắc th&agrave;nh phố, gi&aacute;p ranh với thị x&atilde; Điện B&agrave;n nơi c&oacute; tuyến giao th&ocirc;ng đi ra Đ&agrave; Nẵng&quot;, &ocirc;ng Nguyễn Văn Sơn, Chủ tịch TP Hội An n&oacute;i. Chốt chặn tr&ecirc;n đường Lạc Long Qu&acirc;n, khối phố An B&agrave;ng, phường Cẩm An s&aacute;ng 30/7. Ảnh: Đắc Th&agrave;nh. Chốt chặn tr&ecirc;n đường Lạc Long Qu&acirc;n, khối phố An B&agrave;ng, phường Cẩm An s&aacute;ng 30/7. Ảnh: Đắc Th&agrave;nh. Tại c&aacute;c chốt kiểm dịch, lực lượng c&ocirc;ng an chặn phương tiện để kiểm tra lịch tr&igrave;nh; những người đến từ Đ&agrave; Nẵng được y&ecirc;u cầu quay đầu xe, kh&ocirc;ng được v&agrave;o Hội An. Theo &ocirc;ng Sơn, đ&acirc;y l&agrave; biện ph&aacute;p để ngăn chặn người từ v&ugrave;ng dịch về; những trường hợp di chuyển với mục đ&iacute;ch c&ocirc;ng vụ v&agrave; cung cấp nhu yếu phẩm mới được qua chốt. Ngo&agrave;i c&aacute;c chốt tr&ecirc;n, th&agrave;nh phố Hội An c&ograve;n lập th&ecirc;m bốn chốt kiểm so&aacute;t v&agrave; dựng r&agrave;o chắn tại khối phố An Hội, phường Minh An - nơi &quot;bệnh nh&acirc;n 428&quot; cư tr&uacute;. Khu phố n&agrave;y rộng gần 13 ha; khoảng 450 hộ với hơn 2.000 nh&acirc;n khẩu. TP Hội An dựng h&agrave;ng r&agrave;o phong tỏa tr&ecirc;n cầu An Hội đường ra v&agrave;o khu phố nơi cư tr&uacute; của bệnh nh&acirc;n 428, s&aacute;ng 30/7. Ảnh:Đắc Th&agrave;nh. TP Hội An dựng h&agrave;ng r&agrave;o phong tỏa tr&ecirc;n cầu An Hội đường ra v&agrave;o khu phố nơi cư tr&uacute; của &quot;bệnh nh&acirc;n 428&quot;, s&aacute;ng 30/7. Ảnh:Đắc Th&agrave;nh. L&atilde;nh đạo th&agrave;nh phố Hội An th&ocirc;ng tin tr&ecirc;n địa b&agrave;n c&oacute; 5 ca nghi nhiễm nCoV, mẫu bệnh phẩm của họ đ&atilde; được chuyển v&agrave;o Viện Pasteur Nha Trang để x&aacute;c định. Trong đ&oacute;, ba người c&oacute; yếu tố dịch tễ li&ecirc;n quan đến &quot;bệnh nh&acirc;n 428&quot;. S&aacute;ng nay, Quảng Nam quyết định c&aacute;ch ly x&atilde; hội theo chỉ thị 16 to&agrave;n th&agrave;nh phố Hội An, từ 0h ng&agrave;y 31/7 đến 14/8. Huyện Đại Lộc v&agrave; thị x&atilde; Điện B&agrave;n đ&oacute;ng cửa nh&agrave; h&agrave;ng, qu&aacute;n ăn, qu&aacute;n rượu bia, c&agrave; ph&ecirc;, giải kh&aacute;t, b&atilde;i tắm... cũng trong thời gian tr&ecirc;n. Bộ Y tế s&aacute;ng 30/7 ghi nhận 9 ca nhiễm nCoV, gồm 8 người Đ&agrave; Nẵng, một H&agrave; Nội, tổng số ca nhiễm l&ecirc;n 43 trong s&aacute;u ng&agrave;y. Trong đ&oacute;, Đ&agrave; Nẵng 34 ca, Quảng Ng&atilde;i một ca, Quảng Nam ba ca, H&agrave; Nội hai ca, Đăk Lăk một ca, TP HCM hai ca. C&aacute;c bệnh nh&acirc;n n&agrave;y đều c&oacute; yếu tố dịch tễ li&ecirc;n quan Đ&agrave; Nẵng.</p>\r\n\r\n<p>Tin n&oacute;ng</p>\r\n'),
(3, 2, 'WB: Kinh tế Việt Nam có thể tăng cao thứ năm thế giới', 'WB đánh giá Việt Nam có nền tảng tốt để chống chịu cú sốc do Covid-19 gây ra và có thể đạt mức tăng GDP 2,8% năm nay. ', 'fdi-1596099487.jpg', '<p>Ng&acirc;n h&agrave;ng Thế giới (WB) chiều nay (30/7) c&ocirc;ng bố b&aacute;o c&aacute;o Điểm lại với ti&ecirc;u đề &quot;Trạng th&aacute;i B&igrave;nh thường mới ở Việt Nam sẽ ra sao&quot;. Trong đ&oacute;, tổ chức n&agrave;y đ&aacute;nh gi&aacute;, trừ Đ&ocirc;ng &Aacute;, tất cả c&aacute;c khu vực kh&aacute;c đều được dự b&aacute;o tăng trưởng &acirc;m trong thời gian tới.</p>\r\n\r\n<p>Tại Việt Nam, WB cho rằng thiệt hại y tế đến nay vẫn nhỏ, nhưng thiệt hại về kinh tế lại lớn. Tăng trưởng giảm từ gần 7% năm ngo&aacute;i xuống c&ograve;n 0,36% qu&yacute; II. Đ&acirc;y l&agrave; c&uacute; sốc kinh tế lớn nhất với Việt Nam trong 35 năm qua. Nhưng WB đ&aacute;nh gi&aacute; Việt Nam c&oacute; vị thế tốt để hấp thụ c&uacute; sốc n&agrave;y, nhờ kiểm so&aacute;t tốt đại dịch.</p>\r\n\r\n<p>GDP Việt Nam được dự b&aacute;o tăng 2,8% năm nay - cao thứ 5 tr&ecirc;n thế giới. Tốc độ phục hồi được kỳ vọng tăng tốc nửa cuối năm. Sang năm 2021 v&agrave; 2022, tăng trưởng c&oacute; thể l&ecirc;n 6,8% v&agrave; 6,5%. D&ugrave; vậy, b&aacute;o c&aacute;o của WB chỉ t&iacute;nh đến đầu th&aacute;ng 7, khi Việt Nam chưa xuất hiện th&ecirc;m c&aacute;c ca nhiễm mới như v&agrave;i ng&agrave;y gần đ&acirc;y. Trước l&agrave;n s&oacute;ng Covid-19 thứ hai tại Việt Nam, nhiều chuy&ecirc;n gia cho rằng kinh tế nửa cuối năm c&oacute; thể tăng trưởng &acirc;m nếu tiếp tục gi&atilde;n c&aacute;ch.</p>\r\n\r\n<p>Đề cập đến khả năng n&agrave;y, &ocirc;ng Jacques Morisset cho rằng &quot;rất kh&oacute; dự b&aacute;o&quot;. Đại diện WB khẳng định nếu đ&oacute;ng cửa ho&agrave;n to&agrave;n nền kinh tế, tổn thất sẽ rất lớn v&agrave; Việt Nam cũng kh&ocirc;ng ngoại lệ. D&ugrave; vậy, &ocirc;ng cho rằng &quot;doanh nghiệp Việt Nam c&oacute; khả năng chống chịu tốt&quot; v&agrave; &quot;người d&acirc;n cũng c&oacute; t&iacute;nh tiết kiệm&quot;. &Ocirc;ng tin tưởng ch&iacute;nh phủ h&igrave;nh dung được c&aacute;c thiệt hại do lệnh c&aacute;ch ly g&acirc;y ra v&agrave; &quot;sẽ c&acirc;n nhắc rất nhiều trước khi ra quyết định&quot;.</p>\r\n'),
(4, 2, 'Giá trị của Man Utd giảm đi', 'Theo đánh giá của Brand Finance Review, giá trị thị trường trong một năm qua của Man Utd sụt 186 triệu USD, còn khoảng 1,545 tỷ USD.', 'salah-2863-1596097790.jpg', '<p>Với ước t&iacute;nh hiện tại, Man Utd đứng thứ ba trong danh s&aacute;ch những CLB gi&aacute; trị lớn nhất thế giới. Tuy nhi&ecirc;n, khoảng c&aacute;ch giữa họ với đội xếp thứ tư Liverpool đ&atilde; thu hẹp đ&aacute;ng kể so với năm trước, c&ograve;n khoảng 74 triệu USD. Nhờ th&agrave;nh c&ocirc;ng li&ecirc;n tiếp dưới thời Jurgen Klopp, điển h&igrave;nh l&agrave; v&ocirc; địch Champions League 2019 v&agrave; Ngoại hạng Anh 2020, gi&aacute; trị của Liverpool tăng 6% l&ecirc;n 1,471 tỷ USD. Man Utd sắp bị Liverpool qua mặt về gi&aacute; trị.&nbsp; Nếu duy tr&igrave; đ&agrave; thăng tiến hiện nay, Liverpool (đỏ) c&oacute; thể qua mặt Man Utd để trở th&agrave;nh CLB c&oacute; gi&aacute; trị nhất ở Anh.</p>\r\n\r\n<p>Real Madrid vẫn l&agrave; CLB gi&agrave;u mạnh nhất thế giới: 1,67 tỷ USD. So với c&ugrave;ng kỳ, họ giảm 13,8%, tương đương 266 triệu USD. Trong khi đ&oacute;, thất bại ở La Liga v&agrave; li&ecirc;n tục để xảy ra những vấn đề nội bộ, nhưng Barca tăng 1,4% l&ecirc;n 1,662 tỷ USD.</p>\r\n\r\n<p>T&iacute;nh trong Top 10, gi&aacute; trị của Bayern sụt giảm nhiều nhất: 19,6% (tương đương 302,5 triệu USD). Đương kim v&ocirc; địch Bundesliga đứng thứ s&aacute;u với 1,243 tỷ USD. Man City xếp thứ năm với 1,322 tỷ USD, d&ugrave; mất 10,4% gi&aacute; trị do sa s&uacute;t ở Ngoại hạng Anh. Bốn vị tr&iacute; cuối trong Top 10 lần lượt thuộc về PSG (1,137 tỷ USD), Chelsea (1,115 tỷ USD), Tottenham (922 triệu USD) v&agrave; Arsenal (845 triệu USD)</p>\r\n'),
(5, 3, 'Nhóm nhạc của Lee Hyori, Bi Rain gây tranh cãi', 'HÀN QUỐC Màn ra mắt thành công của SSAK3 - gồm Lee Hyori, Bi Rain, Yoo Jae Suk - khiến nhiều người cho rằng bất công với các nhóm khác.', 'SAAK3-1596094050-2596-1596094739.jpg', '<p>Theo Allkpop, SSAK3 được th&agrave;nh lập qua chương tr&igrave;nh Hangout with Yoo, bắt đầu quảng b&aacute; c&aacute;c sản phẩm &acirc;m nhạc mới h&ocirc;m 25/7 tr&ecirc;n chương tr&igrave;nh Show! Music Core. Hai bản hit Summer Ocean Once Again and Play That Summer đứng đầu nhiều bảng xếp hạng H&agrave;n Quốc, cạnh tranh với c&aacute;c nh&oacute;m nhạc thần tượng như Blackpink v&agrave; Mamamoo. Nh&oacute;m nhạc SSAK3.</p>\r\n\r\n<p>&nbsp;Một nh&oacute;m kh&aacute;n giả cho rằng SSAK3 c&oacute; nhiều lợi thế khi c&aacute;c th&agrave;nh vi&ecirc;n nổi tiếng sẵn v&agrave; được quảng b&aacute; qua chương tr&igrave;nh truyền h&igrave;nh, tạo sự bất c&ocirc;ng trong thị trường &acirc;m nhạc. Một nh&acirc;n vi&ecirc;n của một c&ocirc;ng ty giải tr&iacute; cỡ vừa cho biết: &quot;Rất nhiều nghệ sĩ gặp kh&oacute; khăn để c&oacute; suất diễn tr&ecirc;n truyền h&igrave;nh. Đ&acirc;y l&agrave; cuộc chơi bất c&ocirc;ng&quot;. Một số người c&ograve;n cho rằng nh&oacute;m đang lấy đi cơ hội của c&aacute;c đ&agrave;n em. Tuy nhi&ecirc;n, số kh&aacute;c phản đối nhận định n&agrave;y. Họ b&igrave;nh luận tr&ecirc;n c&aacute;c diễn đ&agrave;n: &quot;Chỉ những người ghen tị mới n&oacute;i trường hợp của SSAK3 bất c&ocirc;ng với nh&oacute;m nhạc kh&aacute;c&quot;; &quot;Họ vốn chứng tỏ được thực lực v&agrave; kỹ năng từ trước. C&aacute;c ca kh&uacute;c của họ hay hơn phần lớn nh&oacute;m nhạc idol kh&aacute;c&quot;... SSAK3 diễn tr&ecirc;n chương tr&igrave;nh &quot;Show! Music Core&quot; h&ocirc;m 25/7.</p>\r\n\r\n<p>Nhiều chuy&ecirc;n gia khen ngợi hướng hoạt động của SSAK3 th&ocirc;ng minh, thức thời. C&aacute;c th&agrave;nh vi&ecirc;n của nh&oacute;m hiện đều được ch&uacute; &yacute; nhờ c&aacute;c dự &aacute;n c&aacute; nh&acirc;n th&agrave;nh c&ocirc;ng. Lee Hyori nhận nhiều t&igrave;nh cảm của kh&aacute;n giả qua chương tr&igrave;nh Hyori&#39;s Bed and Breakfast. Trong khi đ&oacute;, ca kh&uacute;c Kkang của Bi Rain được nhiều kh&aacute;n giả h&aacute;t chế lại tr&ecirc;n mạng x&atilde; hội. Th&ecirc;m v&agrave;o đ&oacute;, tại H&agrave;n Quốc đang thịnh h&agrave;nh tr&agrave;o lưu ca kh&uacute;c mang phong c&aacute;ch thập ni&ecirc;n 1990 sau th&agrave;nh c&ocirc;ng của c&aacute;c phim Reply 1997 v&agrave; Reply 1994. SSAK3 tập trung theo đuổi phong c&aacute;ch n&agrave;y khiến họ nhận nhiều cảm t&igrave;nh từ kh&aacute;n giả trong nước.</p>\r\n'),
(6, 3, 'Sao Việt ủng hộ Đà Nẵng chống dịch', 'Nhà thiết kế Công Trí, ca sĩ Thái Thùy Linh, Trung Quân tặng khẩu trang, vật dụng cho lực lượng tuyến đầu chống dịch ở Đà Nẵng.', 'cngtr-1596088970-4671-1596089012.jpg', '<p>Nh&agrave; thiết kế C&ocirc;ng Tr&iacute; tặng 2.000 khẩu trang loại N95 d&agrave;nh cho c&aacute;c y b&aacute;c sĩ ở bệnh viện Đ&agrave; Nẵng. Anh cho biết anh muốn tiếp sức cho qu&ecirc; hương cũng như k&ecirc;u gọi mọi người đồng l&ograve;ng chống dịch. Nguyễn C&ocirc;ng Tr&iacute; sinh ra v&agrave; lớn l&ecirc;n ở Đ&agrave; Nẵng trong gia đ&igrave;nh c&oacute; t&aacute;m anh chị em. Năm 1996, anh v&agrave;o TP HCM học Đại học Kiến tr&uacute;c v&agrave; lập nghiệp ở th&agrave;nh phố n&agrave;y đến nay. MV &quot;Niềm tin chiến thắng&quot; do đạo diễn Trần Vi Mỹ thực hiện, thể hiện sự đồng l&ograve;ng chống dịch của sao Việt.</p>\r\n\r\n<p>Trước đ&oacute;, ca sĩ Nguyễn Trung Qu&acirc;n v&agrave; gi&aacute;m đốc s&aacute;ng tạo Denis Đặng ủng hộ cho c&aacute;c tuyến đầu 20.000 khẩu trang y tế (bốn lớp), 100 bộ quần &aacute;o chống độc (d&agrave;nh ri&ecirc;ng cho c&aacute;c y b&aacute;c sĩ), 4.000 đ&ocirc;i găng tay y tế, 500 chai nước xịt rửa tay kh&aacute;ng khuẩn. Trung Qu&acirc;n cho biết: &quot;T&ocirc;i đ&atilde; li&ecirc;n lạc được với c&aacute;c bệnh viện tuyến đầu, khu c&aacute;ch ly tập trung ở Đ&agrave; Nẵng. Đồ y tế v&agrave; nhu yếu phẩm sẽ đến được tận tay c&aacute;c y b&aacute;c sĩ , c&aacute;c bệnh nh&acirc;n v&agrave; người thuộc diện c&aacute;ch ly&quot;.</p>\r\n\r\n<p>Th&aacute;i Th&ugrave;y Linh c&ugrave;ng c&aacute;c mạnh thường qu&acirc;n chuyển 2.000 khẩu trang N95-P3, h&agrave;ng trăm chai dầu gội kh&ocirc;, dung dịch dưỡng da tay, m&oacute;c đeo khẩu trang... c&aacute;c bệnh viện ở Đ&agrave; Nẵng. Ca sĩ n&oacute;i: &quot;T&ocirc;i mong mọi người c&ugrave;ng chung tay, đ&oacute;ng g&oacute;p ủng hộ để sớm đẩy l&ugrave;i Covid-19&quot;. Hồi th&aacute;ng 3, ở đợt đầu chống dịch, nhiều nghệ sĩ Việt hưởng ứng hoạt động quy&ecirc;n g&oacute;p. Ca sĩ H&agrave; Anh Tuấn t&agrave;i trợ gần 1,3 tỷ đồng c&ugrave;ng nhiều người hỗ trợ trang thiết bị y tế điều trị người nhiễm nCoV.</p>\r\n\r\n<p>Cựu diễn vi&ecirc;n Thủy Ti&ecirc;n v&agrave; chồng - &ocirc;ng Johnathan Hạnh Nguyễn - ủng hộ 25 tỷ đồng chống Covid-19. Ca sĩ Chi Pu t&agrave;i trợ 5.000 bộ đồ bảo hộ v&agrave; một tỷ đồng l&agrave;m ph&ograve;ng c&aacute;ch ly &aacute;p lực &acirc;m.</p>\r\n\r\n<p>Hồ Ngọc H&agrave; v&agrave; nh&agrave; thiết kế L&yacute; Qu&iacute; Kh&aacute;nh c&ugrave;ng nhiều người quy&ecirc;n g&oacute;p được một tỷ đồng hỗ trợ điều trị bệnh nh&acirc;n nCoV. Nghệ sĩ Trịnh Kim Chi trao 73 triệu đồng cho đại diện Thường trực Ủy ban Mặt trận Tổ quốc Việt Nam TP HCM, ủng hộ ng&agrave;nh y tế...</p>\r\n\r\n<p><em>Đ&agrave; Nẵng l&agrave; nơi ghi nhận ca l&acirc;y nhiễm cộng đồng đầu ti&ecirc;n ở Việt Nam, sau 99 ng&agrave;y kh&ocirc;ng c&oacute; ca bệnh mới. Đến ng&agrave;y 29/7, th&agrave;nh phố đang điều trị cho 25 bệnh nh&acirc;n nCoV, tuổi từ 19 đến 71, tại ba bệnh viện gồm: Bệnh viện Đ&agrave; Nẵng, Bệnh viện C v&agrave; Bệnh viện Phổi.</em></p>\r\n'),
(7, 3, 'Tác phẩm về tình mẫu tử vào sơ khảo giải Booker', '\"Burnt Sugar\" - sách về quan hệ mẹ và con gái của nhà văn Ấn Độ Avni Doshi - vào vòng sơ khảo giải văn học Booker.', 'AvniDoshi1-1596024737.jpg', '<p>T&aacute;c giả cho biết tr&ecirc;n Guardian ng&agrave;y 28/7: &quot;T&ocirc;i lu&ocirc;n nghĩ m&igrave;nh l&agrave; người ngoại đạo với văn chương&quot;. Đại diện giải thưởng cho rằng s&aacute;ch n&oacute;i về c&acirc;u chuyện t&igrave;nh mẫu tử sắc b&eacute;n, gai g&oacute;c. Avni Doshi th&aacute;ch thức giới hạn chịu đựng của độc giả bằng c&aacute;c t&igrave;nh tiết bất ngờ, hấp dẫn v&agrave; l&ocirc;i cuốn. Burnt Sugar xuất bản tại Ấn Độ năm ngo&aacute;i với t&ecirc;n Girl in White Cotton. Sắp tới, Penguin Random House xuất bản s&aacute;ch tại Mỹ v&agrave;o ng&agrave;y 30/7. Ảnh: pontas-agency. &quot;Burnt Sugar&quot; xuất bản tại Ấn Độ năm ngo&aacute;i với t&ecirc;n &quot;Girl in White Cotton&quot;.</p>\r\n\r\n<p>T&aacute;c phẩm bắt đầu khi nh&acirc;n vật ch&iacute;nh - Antara đ&atilde; lớn. Đối diện với người mẹ Tara mất nhận thức, c&ocirc; nhớ lại tuổi thơ bị hắt hủi. Mang cảm gi&aacute;c giận dữ, phẫn nộ, c&ocirc;c bắt mẹ nhớ lại những việc b&agrave; đ&atilde; l&agrave;m v&agrave; t&aacute;c động đến c&ocirc; như thế n&agrave;o. Mẹ sinh c&ocirc; l&uacute;c trẻ, trốn chạy h&ocirc;n nh&acirc;n, nương n&aacute;u tại tu viện Ashram. Sau đ&oacute;, b&agrave; theo đuổi một nghệ sĩ l&atilde;ng tử trong mười năm, bỏ rơi con g&aacute;i nhỏ. B&agrave; đặt con t&ecirc;n Antara - nghĩa l&agrave; &quot;của Tara&quot; - thể hiện bản ng&atilde; cao ngạo v&agrave; bốc đồng. Khi trưởng th&agrave;nh, Antara v&agrave; mẹ kh&ocirc;ng hợp nhau, mắc kẹt trong mối li&ecirc;n kết ruột thịt. L&uacute;c mất tr&iacute; nhớ, b&agrave; nhầm lẫn tiền lương của người gi&uacute;p việc, qu&ecirc;n tắt gas v&agrave; h&agrave;ng tỷ những việc kh&aacute;c cần đứa con, người b&agrave; kh&ocirc;ng bao giờ quan t&acirc;m, lo liệu.</p>\r\n\r\n<p>Cuộc tranh c&atilde;i giữa hai mẹ con v&eacute;n bức m&agrave;n qu&aacute; khứ dưới hai g&oacute;c nh&igrave;n. Doshi n&oacute;i: &quot;Thật bất ngờ khi độc giả n&oacute;i họ thấy t&aacute;c phẩm như truyện trinh th&aacute;m, v&igrave; t&ocirc;i kh&ocirc;ng c&oacute; &yacute; định viết truyện kịch t&iacute;nh m&agrave; chỉ thuận theo t&acirc;m l&yacute; nh&acirc;n vật&quot;. Quyển s&aacute;ch cho thấy những xung đột, m&acirc;u thuẫn của t&igrave;nh mẫu tử kh&ocirc;ng ho&agrave;n hảo. Hai người x&aacute;t muối v&agrave;o vết thương của nhau bằng lời lẽ cay độc. Tuy nhi&ecirc;n, ẩn dưới sự cay c&uacute;, ch&aacute;n gh&eacute;t c&oacute; phần giễu cợt của Antara l&agrave; nỗi đau, t&acirc;m hồn yếu đuối, c&ocirc; độc kh&ocirc;ng biết kể c&ugrave;ng ai. T&aacute;c giả n&oacute;i: &quot;C&ocirc; con g&aacute;i c&oacute; t&acirc;m l&yacute; phức tạp, t&ocirc;i cố gắng nhập t&acirc;m để thể hiện ch&acirc;n thật nhất c&aacute; t&iacute;nh nh&acirc;n vật&quot;.</p>\r\n\r\n<p>Tuy hai nh&acirc;n vật đối đầu, đọng lại l&agrave; sự quan t&acirc;m, y&ecirc;u thương n&ecirc;n kh&ocirc;ng thể t&aacute;ch rời. S&aacute;ch c&ograve;n đề cập về chứng trầm cảm sau sinh. Doshi s&aacute;ng t&aacute;c trong thời gian mang thai v&agrave; kh&ocirc;ng may cũng mắc bệnh. '),
(8, 4, 'Ronaldo cạn cơ hội đua Giày Vàng', 'Đang ít hơn người dẫn đầu bốn bàn, nhưng Cristiano Ronaldo nhiều khả năng không thể góp mặt ở vòng cuối cùng Serie A.', '960x0-1596085223-2914-1596085290.jpg', '<p>Để chuẩn bị cho lượt về v&ograve;ng 1/8 Champions League gặp Lyon, HLV Maurizio Sarri đang c&acirc;n nhắc cho c&aacute;c trụ cột nghỉ ngơi ở trận đấu với AS Roma tuần n&agrave;y. Serie A vốn đ&atilde; an b&agrave;i khi Juventus đủ điểm v&ocirc; địch từ v&ograve;ng 36, c&ograve;n Roma chắc chắn xếp thứ năm để tham dự Europa League m&ugrave;a sau.</p>\r\n\r\n<p>Chỉ s&aacute;u ng&agrave;y sau khi Serie A m&ugrave;a n&agrave;y hạ m&agrave;n, Juventus phải chơi trận sinh tử với Lyon. Ở lượt đi, họ đ&atilde; thất bại 0-1 tr&ecirc;n đất Ph&aacute;p. &quot;Ch&uacute;ng t&ocirc;i sẽ đ&aacute;nh gi&aacute; lại t&igrave;nh h&igrave;nh lực lượng, v&agrave; xem x&eacute;t khả năng cho đội U23 thi đấu với Roma để đội một c&oacute; thời gian phục hồi tốt nhất&quot;, Sarri n&oacute;i sau trận thua Cagliari 0-2 ở v&ograve;ng &aacute;p ch&oacute;t Serie A h&ocirc;m 29/7. Ronaldo (tr&aacute;i) đ&aacute; ch&iacute;nh tối 29/7 nhưng tịt ng&ograve;i.</p>\r\n\r\n<p>Nếu khả năng n&agrave;y xảy ra, Ronaldo xem như hết cửa trong cuộc đua Vua ph&aacute; lưới Serie A. Tiền đạo của Juventus đang sở hữu 31 b&agrave;n, c&ograve;n người dẫn đầu Ciro Immobile l&agrave; 35. Nhờ một b&agrave;n trong chiến thắng 2-0 trước Brecia, Immobile c&ograve;n qua mặt Roberto Lewandoski (34 b&agrave;n) trong cuộc đua Gi&agrave;y V&agrave;ng ch&acirc;u &Acirc;u. Do Bundesliga đ&atilde; kết th&uacute;c, danh hiệu ch&acirc;n s&uacute;t tốt nhất ch&acirc;u &Acirc;u m&ugrave;a n&agrave;y chắc chắn thuộc về một cầu thủ của Serie A. Đ&acirc;y sẽ l&agrave; lần đầu ti&ecirc;n sau 13 năm, Gi&agrave;y V&agrave;ng ch&acirc;u &Acirc;u trở lại với giải đấu số một Italy kể từ thời Francesco Totti m&ugrave;a 2002-2003.</p>\r\n\r\n<p>Tối qua Ronaldo đ&aacute; ch&iacute;nh v&agrave; c&oacute; cơ hội để n&acirc;ng cao th&agrave;nh t&iacute;ch c&aacute; nh&acirc;n nhưng bất th&agrave;nh, d&ugrave; đối thủ chỉ đang ở nửa dưới bảng điểm. &quot;Tại một số thời điểm, Cristiano v&agrave; Higuain đ&atilde; c&oacute; cơ hội, nhưng phải thừa nhận rằng ch&uacute;ng t&ocirc;i đ&atilde; thi đấu kh&ocirc;ng đ&uacute;ng đẳng cấp v&agrave; thiếu sự lạnh l&ugrave;ng cần thiết&quot;, HLV Sarri thừa nhận. Cagliari 2-0 Juventus. Nhận trận thua thứ ba từ khi b&oacute;ng đ&aacute; trở lại sau kỳ nghỉ tr&aacute;nh Covid-19, v&agrave; l&agrave; trận thứ năm kh&ocirc;ng thắng trong 11 trận gần nhất, nhưng HLV Sarri c&oacute; l&yacute; do để b&agrave;o chữa. &quot;Thủng lưới 40 b&agrave;n một m&ugrave;a g&acirc;y ra đ&ocirc;i ch&uacute;t lo lắng, nhưng trận đấu vừa qua th&igrave; kh&ocirc;ng hề&quot;, &ocirc;ng n&oacute;i. &quot;Ch&uacute;ng t&ocirc;i c&oacute; nhiều cầu thủ chấn thương. 68 giờ trước, ch&uacute;ng t&ocirc;i vừa đăng quang, n&ecirc;n trận gặp Cagliari kh&ocirc;ng c&oacute; nhiều &yacute; nghĩa lắm. Ch&uacute;ng t&ocirc;i biết m&igrave;nh cần chơi chắc chắn hơn. Nhưng, Juventus l&agrave; đội b&oacute;ng duy nhất ở ch&acirc;u &Acirc;u phải đ&aacute; năm trận trong 15 ng&agrave;y. Lịch thi đấu của Serie A g&acirc;y ra nhiều vấn đề '),
(9, 4, 'David Silva - nét đẹp vô thanh', 'Cống hiến lặng thầm nhưng hiệu quả từ tiền vệ David Silva đã chắp cánh cho hành trình hóa rồng của Man City trong 10 năm qua.', 'Silva-2-9940-1596085372.jpg', '<p>Chứng kiến sự trỗi dậy của Man City ở nửa cuối những năm 2000, huyền thoại HLV Man Utd Alex Ferguson mỉa mai gọi họ l&agrave; &quot;g&atilde; h&agrave;ng x&oacute;m ồn &agrave;o&quot;, với những rộn r&agrave;ng b&aacute;n mua v&agrave; xoang xoảng ph&aacute;t ng&ocirc;n. Nhận x&eacute;t của &ocirc;ng kh&ocirc;ng sai, nhưng giữa v&ocirc; số ồn &agrave;o, Man City vẫn giữ b&ecirc;n m&igrave;nh một nh&acirc;n tố thầm lặng, cần mẫn gi&uacute;p CLB tạo nghiệp đế vương: David Silva. Silva ch&agrave;o từ biệt Man City sau trận thắng Norwich 5-0 ở v&ograve;ng cuối Ngoại hạng Anh h&ocirc;m 26/7.</p>\r\n\r\n<p>Đ&atilde; tr&ograve;n 10 năm từ khi ch&agrave;ng trai nhỏ b&eacute; c&oacute; gương mặt &Aacute; Đ&ocirc;ng chia tay CLB th&acirc;n thiết Valencia để gia nhập đội qu&acirc;n l&ecirc; dương h&ugrave;ng mạnh của Man City. Đ&oacute; l&agrave; năm 2010, kh&ocirc;ng l&acirc;u sau khi anh ho&agrave;n tất c&uacute; đ&uacute;p danh hiệu cao qu&yacute; nhất đời cầu thủ: c&ugrave;ng tuyển T&acirc;y Ban Nha v&ocirc; địch Euro 2008 rồi World Cup 2010. Man City, l&uacute;c đ&oacute;, chẳng c&oacute; g&igrave; đ&aacute;ng kể trong ph&ograve;ng trưng b&agrave;y truyền thống, ngo&agrave;i những thương vụ bom tấn, những bản hợp đồng đắt gi&aacute; nhưng k&eacute;m hiệu quả.</p>\r\n\r\n<p>Mọi việc chỉ thay đổi sau khi những mảnh gh&eacute;p quan trọng lần lượt được HLV Roberto Mancini đưa về: như Sergio Aguero, Carlos Tevez, Mario Balotelli, Yaya Toure, David Silva, Vincent Kompany... Những ng&ocirc;i sao lần lượt đổ bộ xuống s&acirc;n Etihad ấy gi&uacute;p Man City tạo n&ecirc;n trục dọc quan trọng, gồm Joe Hart - Kompany - Yaya Toure - Silva - Aguero. Đ&acirc;y ch&iacute;nh l&agrave; cột sống chống đỡ cho sự vươn l&ecirc;n đẳng cấp thống trị của Man City, bất chấp sự tụ t&aacute;n nhanh ch&oacute;ng của những Tevez, Balotelli v&agrave; nhiều bản hợp đồng đắt gi&aacute; kh&aacute;c. Nhưng từ h&egrave; n&agrave;y, cột sống ấy của Man City sẽ chỉ c&ograve;n lại Aguero, sau khi Silva quyết định chia tay. Anh đ&atilde; ho&agrave;n tất cuộc phi&ecirc;u lưu 10 năm trong m&agrave;u &aacute;o xanh nhạt của Man City, c&ugrave;ng CLB đoạt bốn chức v&ocirc; địch Ngoại hạng Anh, v&agrave; khẳng định vị thế của một trong hai đội b&oacute;ng mạnh nhất xứ sương m&ugrave; đương đại.</p>\r\n\r\n<p>N&oacute;i kh&ocirc;ng ngoa, Man City vừa phải chia tay một &quot;m&oacute;n h&agrave;ng hiệu ngoại nhập&quot; c&oacute; gi&aacute; trị cao bậc nhất xưa nay trong lịch sử Ngoại hạng Anh, chứ kh&ocirc;ng phải Cristiano Ronaldo hay Paul Pogba của đại k&igrave;nh địch Man Utd. H&agrave;nh trang rời s&acirc;n Etihad của Silva - ở tuổi 34 - gồm 14 chức v&ocirc; địch tr&ecirc;n mọi mặt trận quốc nội c&ugrave;ng Man City, b&ecirc;n cạnh 60 b&agrave;n v&agrave; 93 đường kiến tạo trong 308 trận tại một trong những giải đấu khắc nghiệt nhất thế giới. Anh kh&ocirc;ng mắc bất cứ một sai lầm n&agrave;o dẫn đến b&agrave;n thua của đội nh&agrave;, v&agrave; chưa từng nhận thẻ đỏ. Silva cũng l&agrave; cầu thủ đạt m'),
(10, 4, 'Champions League được ví như món quà cho Bồ Đào Nha', 'Theo chuyên gia kinh tế Daniel Sa, việc được lựa chọn tổ chức giai đoạn cuối Champions League mùa này sẽ tác động tích cực đối với Bồ Đào Nha.', 'da-5308-1596094810.jpg', '<p>&quot;Bồ Đ&agrave;o Nha l&agrave; đất nước y&ecirc;u b&oacute;ng đ&aacute;. Giai đoạn cuối Champions League, với t&aacute;m đội b&oacute;ng h&agrave;ng đầu ch&acirc;u &Acirc;u v&agrave; 12 ng&agrave;y thi đấu - trong một năm m&agrave; ch&uacute;ng ta thiếu b&oacute;ng đ&aacute; suốt ba th&aacute;ng, l&agrave; một m&oacute;n qu&agrave; cho đất nước n&agrave;y&quot;, Daniel Sa, Gi&aacute;m đốc Viện Quản trị v&agrave; Marketing Bồ Đ&agrave;o Nha, đ&aacute;nh gi&aacute;. &quot;Sự kiện n&agrave;y c&oacute; thể tạo ra gi&aacute; trị kinh tế khoảng 55 triệu USD, nhưng quan trọng hơn l&agrave; sức ch&uacute; &yacute; từ khắp nơi tr&ecirc;n thế giới. Điều n&agrave;y rất t&iacute;ch cực cho Bồ Đ&agrave;o Nha&quot;. S&acirc;n Da Luz sẽ diễn ra bảy trận trong v&ograve;ng 12 ng&agrave;y.</p>\r\n\r\n<p>M&ugrave;a n&agrave;y, từ v&ograve;ng tứ kết, Champions League sẽ diễn ra tr&ecirc;n s&acirc;n Da Luz (thủ đ&ocirc; Lisbon). Giải sẽ thi đấu theo thể thức loại trực tiếp một trận. Bồ Đ&agrave;o Nha được UEFA chọn lựa v&igrave; t&iacute;nh chất trung lập của nền b&oacute;ng đ&aacute; th&agrave;nh vi&ecirc;n n&agrave;y. Hiện kh&ocirc;ng c&ograve;n đại diện n&agrave;o của họ tại Champions League. Quốc gia thuộc b&aacute;n đảo Iberia cũng c&oacute; số ca nhiễm nCoV v&agrave;o diện thấp nhất ch&acirc;u &Acirc;u.</p>\r\n\r\n<p>Lần gần nhất s&acirc;n Da Luz tổ chức chung kết Champions League l&agrave; năm 2014, khi Real đăng quang với chiến thắng 4-1 trước Atletico Madrid. Năm đ&oacute;, nước chủ nh&agrave; hưởng lợi về mặt kinh tế khoảng 50 triệu USD. Cristiano Ronaldo cũng c&oacute; thể trở lại qu&ecirc; hương dự giải năm nay. Anh v&agrave; c&aacute;c đồng đội ở Juventus đ&atilde; thất bại 0-1 trước Lyon ở lượt đi v&ograve;ng 1/8, nhưng được đ&aacute; trận lượt về tr&ecirc;n s&acirc;n nh&agrave;. &quot;Ronaldo l&agrave; một thương hiệu rất lớn ở Bồ Đ&agrave;o Nha&quot;, Daniel Sa nhận x&eacute;t. &quot;Một số CĐV Bồ Đ&agrave;o Nha đang ủng hộ Juventus. Điều n&agrave;y c&oacute; thể l&agrave;m tăng sự ch&uacute; &yacute; đối với đất nước v&agrave; tăng t&aacute;c động kinh tế&quot;.</p>\r\n'),
(11, 4, 'Man City chiêu mộ thần đồng Tây Ban Nha', 'Man City qua mặt Barca, Juventus và Liverpool để giành tiền vệ cánh Ferran Torres từ Valencia.', 'fe-4359-1596075446.jpg', '<p>Theo AS (T&acirc;y Ban Nha), Man City sắp đạt thỏa thuận với Valencia, khi chấp nhận bỏ ra khoảng 30 triệu USD, k&egrave;m điều khoản phụ 14 triệu USD. Mức ph&iacute; của Torres kh&ocirc;ng qu&aacute; cao v&igrave; anh sẽ hết hạn hợp đồng với Valencia trong năm 2021. Nếu kh&ocirc;ng b&aacute;n sớm, đội b&oacute;ng T&acirc;y Ban Nha c&oacute; thể mất trắng. Ferran Torres đang tr&ecirc;n đường trở th&agrave;nh ng&ocirc;i sao lớn.&nbsp;</p>\r\n\r\n<p>M&ugrave;a 2017-2018, khi mới 17 tuổi, cậu b&eacute; đi l&ecirc;n từ học viện chơi 16 trận cho đội một Valencia. Torres trở th&agrave;nh cầu thủ thường xuy&ecirc;n đ&aacute; ch&iacute;nh từ m&ugrave;a 2018-2019. Ở tuổi 20, anh đ&atilde; đ&aacute; 97 trận v&agrave; ghi ch&iacute;n b&agrave;n. Torres hiện giữ hai kỷ lục: cầu thủ trẻ nhất ghi b&agrave;n cho Valencia tại Champions League v&agrave; cầu thủ đầu ti&ecirc;n sinh ra trong thế kỷ 21 ghi b&agrave;n cho một đội b&oacute;ng T&acirc;y Ban Nha tại Champions League. T&agrave;i nghệ của Ferran Torres. Real Madrid, Barca cũng như Liverpool v&agrave; Juventus từng để mắt đến Torres. Tuy nhi&ecirc;n, Man City nhanh tay hơn cả. Họ cần một phương &aacute;n xứng đ&aacute;ng để thay thế cho Leroy Sane chuyển sang Bayern Munich. T&acirc;n binh người T&acirc;y Ban Nha sẽ xếp sau Raheem Sterling v&agrave; Bernardo Silva trong thứ tự ưu ti&ecirc;n cho vị tr&iacute; chạy c&aacute;nh ở s&acirc;n Etihad.</p>\r\n'),
(12, 4, 'Roy Keane: \"Lampard thành công hơn Solskjaer\"', 'Cựu thủ quân Man Utd, Roy Keane đánh giá cao thành công của Frank Lampard trong mùa đầu tiên dẫn dắt Chelsea ở Ngoại hạng Anh.', 'lam2-6819-1595819648.jpg', '<p>&quot;T&ocirc;i phải n&oacute;i rằng Lampard ho&agrave;n th&agrave;nh c&ocirc;ng việc tốt hơn Solskjaer. T&ocirc;i từng đo&aacute;n Chelsea v&agrave;o Top 4, hay xấp xỉ như thế, nhưng c&aacute;ch họ thi đấu v&agrave; c&aacute;ch Lampard dẫn dắt thực sự ấn tượng&quot;, Keane n&oacute;i tr&ecirc;n Sky Sports. &quot;Cậu ấy đ&atilde; đưa ra những quyết định quan trọng. Cậu ấy lựa chọn được những cầu thủ trẻ - vốn t&agrave;i năng, chất lượng nhưng cần cơ hội thi đấu. V&agrave; Lampard đ&atilde; trao cho họ những cơ hội&quot;.</p>\r\n\r\n<p>Kết th&uacute;c Ngoại hạng Anh 2019-2020, Chelsea đứng thứ tư với 66 điểm. Đ&acirc;y l&agrave; th&agrave;nh c&ocirc;ng đặc biệt, sau khi đội chủ s&acirc;n Stamford Bridge phải đối mặt với một loạt kh&oacute; khăn đầu m&ugrave;a: kh&ocirc;ng được mua cầu thủ mới do lệnh cấm của FIFA v&agrave; mất nh&acirc;n tố quan trọng nhất Eden Hazard về tay Real Madrid. B&ecirc;n cạnh v&eacute; dự Champions League m&ugrave;a sau, Chelsea c&ograve;n gi&agrave;nh quyền v&agrave;o chung kết FA Cup gặp Arsenal. Ở b&aacute;n kết, ch&iacute;nh họ đ&aacute;nh bại Man Utd - đội ti&ecirc;u tốn hơn 200 triệu USD v&agrave;o thị trường chuyển nhượng mới gi&agrave;nh được vị tr&iacute; thứ ba Ngoại hạng Anh (xếp tr&ecirc;n nhờ hơn Chelsea chỉ số phụ). &quot;Lampard bảo rằng cậu ấy kh&ocirc;ng qu&aacute; đặt nặng chuyện Top 4, nhưng thực sự đ&oacute; l&agrave; một bước tiến quan trọng của Chelsea&quot;, Keane n&oacute;i th&ecirc;m. &quot;Nếu gi&agrave;nh Cup FA nữa, họ sẽ đạt được th&agrave;nh tựu tuyệt vời&quot;.</p>\r\n'),
(13, 0, 'Thủ tướng: Chưa cần thiết phải giãn cách xã hội ở TP HCM', 'DÂN TRÍ - Thủ tướng Nguyễn Xuân Phúc hoan nghênh TP HCM đã tạm dừng một số ngành nghề khi có dịch Covid-19, tuy nhiên Thủ tướng cho rằng, chưa cần thi', 'covid-19-1596358653137.jpg', '<p><em>Chiều nay, 2/8, Thủ tướng Nguyễn Xu&acirc;n Ph&uacute;c đ&atilde; chủ tr&igrave; cuộc họp trực tuyến ph&ograve;ng chống dịch Covid-19 với một số bộ ng&agrave;nh, tỉnh th&agrave;nh. Cuộc họp nhằm lấy &yacute; kiến về một số vấn đề lớn trong chống dịch bệnh Covid-19, đặc biệt l&agrave; việc tổ chức kỳ thi PTTH tới đ&acirc;y.</em></p>\r\n\r\n<p>Mở đầu cuộc họp, Thủ tướng Nguyễn Xu&acirc;n Ph&uacute;c điểm lại diễn biến dịch bệnh từ ng&agrave;y 24/7, sau khi xuất hiện ca bệnh tại Đ&agrave; Nẵng đến nay dịch đ&atilde; lan ra 7 tỉnh th&agrave;nh, 5 người tử vong.</p>\r\n\r\n<p>&ldquo;Đến nay, dịch từ Đ&agrave; Nẵng đ&atilde; lan ra nhiều nơi, nhất l&agrave; ở 2 trung t&acirc;m lớn của cả nước H&agrave; Nội v&agrave; TP. HCM. Hiện to&agrave;n bộ Đ&agrave; Nẵng v&agrave; một số v&ugrave;ng của Quảng Nam đ&atilde; thực hiện gi&atilde;n c&aacute;ch x&atilde; hội&rdquo;, Thủ tướng n&oacute;i.</p>\r\n\r\n<p>&nbsp;</p>\r\n\r\n<p>Thủ tướng đề nghị c&aacute;c tỉnh th&agrave;nh ki&ecirc;n quyết khoanh v&ugrave;ng dập dịch, gi&atilde;n c&aacute;ch x&atilde; hội ở khu vực c&oacute; dịch trong cộng đồng. Thủ tướng cũng đ&aacute;nh gi&aacute; TP H&agrave; Nội v&agrave; TP HCM đ&atilde; l&agrave;m ki&ecirc;n quyết khi c&oacute; dịch bệnh, trong đ&oacute; việc x&eacute;t nghiệm tr&ecirc;n diện rộng, truy vết người tiếp x&uacute;c với ca bệnh.</p>\r\n\r\n<p>Thủ tướng cũng đ&aacute;nh gi&aacute; cao ng&agrave;nh y tế với c&aacute;c &ldquo;chiến sĩ mặc &aacute;o trắng&rdquo; đ&atilde; đi đầu trong tuyến đầu chống dịch, tăng cường cho Đ&agrave; Nẵng c&aacute;c chuy&ecirc;n gia y tế h&agrave;ng đầu. TP Đ&agrave; Nẵng cũng đ&atilde; c&oacute; phản ứng kịp thời với dịch.</p>\r\n\r\n<p>&nbsp;</p>\r\n\r\n<p>Thủ tướng nhấn mạnh, tập trung ph&ograve;ng chống dịch nhưng vẫn phải đảm bảo kh&ocirc;ng l&agrave;m đứt g&atilde;y hoạt động kinh tế. Theo Thủ tướng, kh&ocirc;ng phải tất cả c&aacute;c khu vực ở nước ta đều phải gi&atilde;n c&aacute;ch x&atilde; hội, m&agrave; chỉ thực hiện ở c&aacute;c khu vực nhất định. Một số địa phương đ&atilde; qu&aacute; n&oacute;ng vội gi&atilde;n c&aacute;ch x&atilde; hội&hellip;</p>\r\n\r\n<p>&nbsp;</p>\r\n\r\n<p>&ldquo;T&ocirc;i hoan ngh&ecirc;nh H&agrave; Nội, TP. HCM đ&atilde; dừng lại một số ng&agrave;nh nghề nhạy cảm, kh&ocirc;ng cần thiết nhưng vẫn duy tr&igrave; c&aacute;c ng&agrave;nh nghề kh&aacute;c hoạt động để đảm bảo hoạt động kinh tế được duy tr&igrave;&rdquo;, Thủ tướng n&oacute;i v&agrave; cho biết, trong ng&agrave;y 1/8, c&oacute; trao đổi với Chủ tịch UBND TP HCM, hoan ngh&ecirc;nh TP n&agrave;y tạm dừng một số ng&agrave;nh nghề. Thủ tướng cũng n&ecirc;u quan điểm l&agrave; TP. HCM chưa cần thiết phải gi&atilde;n c&aacute;ch x&atilde; hội</p>\r\n'),
(14, 0, 'TPHCM: Phong tỏa một tuyến đường vì có người nghi nhiễm Covid-19', 'DÂN TRÍ - Đường số 10, phường Hiệp Bình Chánh, quận Thủ Đức, TPHCM đang được cơ quan chức năng tiến hành phong tỏa do đây là khu vực được xác định có ', 'phong-toa-4-ho-dan-do1596183344309 - Copy.jpg', '<p>Trung t&acirc;m Y tế quận Thủ Đức, TPHCM cho biết, đơn vị n&agrave;y đang phối hợp với lực lượng chức năng tại địa phương tiến h&agrave;nh phong tỏa đường số 10, khu phố 6, phường Hiệp B&igrave;nh Ch&aacute;nh. Được biết, lệnh phong tỏa con đường tr&ecirc;n được thực hiện v&agrave;o chiều tối ng&agrave;y 30/7 sau khi c&oacute; ca bệnh nghi nhiễm Covid-19 tại đ&acirc;y.</p>\r\n\r\n<p><img alt=\"TPHCM: Phong tỏa một tuyến đường vì có người nghi nhiễm Covid-19 - 1\" src=\"https://icdn.dantri.com.vn/thumb_w/640/2020/07/30/covid-3-1596120119578.jpg\" /></p>\r\n\r\n<p>Nhấn để ph&oacute;ng to ảnh</p>\r\n\r\n<p>Con đường số 10 đang được cơ quan chức năng phong tỏa (Ảnh: Xu&acirc;n Duy)</p>\r\n\r\n<p><img alt=\"TPHCM: Phong tỏa một tuyến đường vì có người nghi nhiễm Covid-19 - 2\" src=\"https://icdn.dantri.com.vn/thumb_w/640/2020/07/30/phong-toa-1-1596122142977.jpg\" /></p>\r\n\r\n<p>Nhấn để ph&oacute;ng to ảnh</p>\r\n\r\n<p>Lệnh phong tỏa li&ecirc;n quan đến một phụ nữ nghi nhiễm Covid-19 từ Đ&agrave; Nẵng v&agrave;o th&agrave;nh phố (Ảnh: Khoa Nam)</p>\r\n\r\n<p>Theo đ&oacute;, bệnh nh&acirc;n nghi nhiễm Covid-19 l&agrave; một phụ nữ từ Đ&agrave; Nẵng v&agrave;o TPHCM, ở với&nbsp;gia đ&igrave;nh người con tại phường Hiệp B&igrave;nh Ch&aacute;nh. Người n&agrave;y tới TPHCM để kh&aacute;m bệnh.</p>\r\n\r\n<p><img alt=\"TPHCM: Phong tỏa một tuyến đường vì có người nghi nhiễm Covid-19 - 3\" src=\"https://icdn.dantri.com.vn/thumb_w/640/2020/07/30/phong-toa-2-1596122142963.jpg\" /></p>\r\n\r\n<p>(Ảnh: Khoa Nam)</p>\r\n\r\n<p><img alt=\"TPHCM: Phong tỏa một tuyến đường vì có người nghi nhiễm Covid-19 - 4\" src=\"https://icdn.dantri.com.vn/thumb_w/640/2020/07/30/covid-4-1596120119601.jpg\" /></p>\r\n\r\n<p>Lực lượng c&ocirc;ng an, d&acirc;n ph&ograve;ng chốt chặn thường xuy&ecirc;n (Ảnh: Xu&acirc;n Duy)</p>\r\n\r\n<p>Theo th&ocirc;ng b&aacute;o của Bộ Y tế về nguy cơ l&acirc;y nhiễm của những người rời Đ&agrave; Nẵng từ ng&agrave;y 1/7 đến nay, TPHCM đ&atilde; triển khai lấy mẫu x&eacute;t nghiệm tất cả những người trong nh&oacute;m nguy cơ n&agrave;y. Do đ&oacute;, Trung t&acirc;m Y tế quận Thủ Đức đ&atilde; tiến h&agrave;nh lấy mẫu bệnh phẩm của bệnh nh&acirc;n gửi x&eacute;t nghiệm.</p>\r\n\r\n<p>Kết quả x&eacute;t nghiệm mẫu bệnh phẩm của nữ bệnh nh&acirc;n ng&agrave;y 30/7 cho thấy khả năng người n&agrave;y đ&atilde; nhiễm Covid-19.</p>\r\n\r\n<p>Hiện bệnh nh&acirc;n đang được c&aacute;ch ly, theo d&otilde;i tại Trung t&acirc;m c&aacute;ch ly của quận Thủ Đức.</p>\r\n\r\n<p>Được biết, con đường số 10 đang được phong tỏa c&oacute; 34 hộ d&acirc;n sinh sống.</p>\r\n\r\n<p>Trung t&acirc;m Y tế quận đ&atilde; v&agrave; đang t&iacute;ch cực tuy&ecirc;n truyền c&aacute;c giải ph&aacute;p ph&ograve;ng tr&aacute;nh nguy cơ l&acirc;y nhiễm cho người d&acirc;n v&agrave; tiếp tục c&aacute;c bước điều tra dịch tễ để khoanh v&ugrave;ng những người đ&atilde; tiếp x&uacute;c với trường hợp nghi nhiễm n&ecirc;u tr&ecirc;n.</p>\r\n\r\n<p><strong>V&acirc;n Sơn</strong></p>\r\n'),
(15, 5, 'du lịch cà au', 'cà mau là vùng đất cực nam', 'IMG_20200722_204438.jpg', '<p>du lịch tỉnh c&agrave; mau lu&ocirc;n l&agrave;m mọi người y&ecirc;u th&iacute;ch</p>\r\n');

--
-- Chỉ mục cho các bảng đã đổ
--

--
-- Chỉ mục cho bảng `tbl_dangnhap`
--
ALTER TABLE `tbl_dangnhap`
  ADD PRIMARY KEY (`idTK`);

--
-- Chỉ mục cho bảng `tbl_nhomtin`
--
ALTER TABLE `tbl_nhomtin`
  ADD PRIMARY KEY (`idNhom`);

--
-- Chỉ mục cho bảng `tbl_tin`
--
ALTER TABLE `tbl_tin`
  ADD PRIMARY KEY (`idTin`);

--
-- AUTO_INCREMENT cho các bảng đã đổ
--

--
-- AUTO_INCREMENT cho bảng `tbl_dangnhap`
--
ALTER TABLE `tbl_dangnhap`
  MODIFY `idTK` int(11) NOT NULL AUTO_INCREMENT, AUTO_INCREMENT=3;

--
-- AUTO_INCREMENT cho bảng `tbl_nhomtin`
--
ALTER TABLE `tbl_nhomtin`
  MODIFY `idNhom` int(11) NOT NULL AUTO_INCREMENT, AUTO_INCREMENT=13;

--
-- AUTO_INCREMENT cho bảng `tbl_tin`
--
ALTER TABLE `tbl_tin`
  MODIFY `idTin` int(11) NOT NULL AUTO_INCREMENT, AUTO_INCREMENT=16;
COMMIT;

/*!40101 SET CHARACTER_SET_CLIENT=@OLD_CHARACTER_SET_CLIENT */;
/*!40101 SET CHARACTER_SET_RESULTS=@OLD_CHARACTER_SET_RESULTS */;
/*!40101 SET COLLATION_CONNECTION=@OLD_COLLATION_CONNECTION */;
